[
  {
    "doc_id": "Here is the English version of the story.pdf",
    "page_num": 1,
    "block_id": "p1_b0",
    "text": "Here is the English version of the story “The Classroom of Light” – expanded to suit a ~10-page reading format. It includes headings and subheadings just like the Japanese and Chinese versions.",
    "lang": "eng",
    "features": { "font_size": 12.0, "is_bold": 0.0, "is_italic": 0.0, "is_centered": 1.0, "relative_font_size_to_page_avg": 1.0 },
    "label": "Body"
  },
  {
    "doc_id": "Here is the English version of the story.pdf",
    "page_num": 1,
    "block_id": "p1_b2",
    "text": "Title: The Classroom of Light",
    "lang": "eng",
    "features": { "font_size": 24.0, "is_bold": 1.0, "is_italic": 0.0, "is_centered": 1.0, "relative_font_size_to_page_avg": 2.0 },
    "label": "H1"
  },
  {
    "doc_id": "Here is the English version of the story.pdf",
    "page_num": 1,
    "block_id": "p1_b4",
    "text": "Chapter 1: A New Student Arrives",
    "lang": "eng",
    "features": { "font_size": 18.0, "is_bold": 1.0, "is_italic": 0.0, "is_centered": 0.0, "relative_font_size_to_page_avg": 1.5 },
    "label": "H1"
  },
  {
    "doc_id": "Here is the English version of the story.pdf",
    "page_num": 1,
    "block_id": "p1_b5",
    "text": "― Spring Breeze in the Air ―",
    "lang": "eng",
    "features": { "font_size": 14.0, "is_bold": 0.0, "is_italic": 1.0, "is_centered": 1.0, "relative_font_size_to_page_avg": 1.16 },
    "label": "H2"
  },
  {
    "doc_id": "Here is the English version of the story.pdf",
    "page_num": 1,
    "block_id": "p1_b6",
    "text": "It was a crisp April morning. Cherry blossoms fluttered as a girl stepped into the town’s elementary school.",
    "lang": "eng",
    "features": { "font_size": 12.0, "is_bold": 0.0, "is_italic": 0.0, "is_centered": 0.0, "relative_font_size_to_page_avg": 1.0 },
    "label": "Body"
  },
  {
    "doc_id": "Here is the English version of the story.pdf",
    "page_num": 1,
    "block_id": "p1_b11",
    "text": "Chapter 2: The Rooftop Silence",
    "lang": "eng",
    "features": { "font_size": 18.0, "is_bold": 1.0, "is_italic": 0.0, "is_centered": 0.0, "relative_font_size_to_page_avg": 1.5 },
    "label": "H1"
  },
  {
    "doc_id": "Here is the English version of the story.pdf",
    "page_num": 1,
    "block_id": "p1_b12",
    "text": "― A Place Away from the Noise ―",
    "lang": "eng",
    "features": { "font_size": 14.0, "is_bold": 0.0, "is_italic": 1.0, "is_centered": 1.0, "relative_font_size_to_page_avg": 1.16 },
    "label": "H2"
  },
  {
    "doc_id": "Here is the English version of the story.pdf",
    "page_num": 2,
    "block_id": "p2_b0",
    "text": "Chapter 3: A Message on the Blackboard",
    "lang": "eng",
    "features": { "font_size": 18.0, "is_bold": 1.0, "is_italic": 0.0, "is_centered": 0.0, "relative_font_size_to_page_avg": 1.5 },
    "label": "H1"
  },
  {
    "doc_id": "Here is the English version of the story.pdf",
    "page_num": 2,
    "block_id": "p2_b1",
    "text": "― Someone Is Watching Gently ―",
    "lang": "eng",
    "features": { "font_size": 14.0, "is_bold": 0.0, "is_italic": 1.0, "is_centered": 1.0, "relative_font_size_to_page_avg": 1.16 },
    "label": "H2"
  },
  {
    "doc_id": "Here is the English version of the story.pdf",
    "page_num": 2,
    "block_id": "p2_b9",
    "text": "Chapter 4: The First Conversation",
    "lang": "eng",
    "features": { "font_size": 18.0, "is_bold": 1.0, "is_italic": 0.0, "is_centered": 0.0, "relative_font_size_to_page_avg": 1.5 },
    "label": "H1"
  },
  {
    "doc_id": "Here is the English version of the story.pdf",
    "page_num": 2,
    "block_id": "p2_b10",
    "text": "― Meeting Haruki Sato ―",
    "lang": "eng",
    "features": { "font_size": 14.0, "is_bold": 0.0, "is_italic": 1.0, "is_centered": 1.0, "relative_font_size_to_page_avg": 1.16 },
    "label": "H2"
  }
]