[
  {
    "doc_id": "Research Paper 1.pdf",
    "page_num": 1,
    "block_id": "p1_b1",
    "text": "www.ijcrt.org © 2021 IJCRT | Volume 9, Issue 5 May 2021 | ISSN: 2320-2882",
    "lang": "eng",
    "features": {},
    "label": "Body"
  },
  {
    "doc_id": "Research Paper 1.pdf",
    "page_num": 1,
    "block_id": "p1_b2",
    "text": "IJCRT2105420 International Journal of Creative Research Thoughts (IJCRT) www.ijcrt.org d723",
    "lang": "eng",
    "features": {},
    "label": "Body"
  },
  {
    "doc_id": "Research Paper 1.pdf",
    "page_num": 1,
    "block_id": "p1_b7",
    "text": "A Research Paper on Blood Donation Management",
    "lang": "eng",
    "features": {},
    "label": "H1"
  },
  {
    "doc_id": "Research Paper 1.pdf",
    "page_num": 1,
    "block_id": "p1_b8",
    "text": "System",
    "lang": "eng",
    "features": {},
    "label": "H1"
  },
  {
    "doc_id": "Research Paper 1.pdf",
    "page_num": 1,
    "block_id": "p1_b9",
    "text": "1 Devanjan K. Srivastava, 2 Utkarsh Tanwar, 3 M.G.Krishna Rao, 4 Priya Manohar, 5 Balraj Singh",
    "lang": "eng",
    "features": {},
    "label": "Body"
  },
  {
    "doc_id": "Research Paper 1.pdf",
    "page_num": 1,
    "block_id": "p1_b10",
    "text": "1234 Student, Computer Science Engineering, 5 Assistant Professor, School of Computer Science Engineering",
    "lang": "eng",
    "features": {},
    "label": "Body"
  },
  {
    "doc_id": "Research Paper 1.pdf",
    "page_num": 1,
    "block_id": "p1_b11",
    "text": "12345 Lovely Professional University, Jalandhar, India",
    "lang": "eng",
    "features": {},
    "label": "Body"
  },
  {
    "doc_id": "Research Paper 1.pdf",
    "page_num": 1,
    "block_id": "p1_b13",
    "text": "Abstract: Blood donation and transfusion has been an ever-serious issue and the shortage of blood throughout the world has caused many people to lose their life. The lack of a centralized system for blood donation is majorly responsible for those losses. Now in the era of online and digital processes, the conventional methods of collecting blood are absolute. An automated system is required to manage the centers and to showcase the information to the interested parties. We have developed a website that singlehandedly solves all these issues related to blood donation and reception. We have designed a SQLite database as an integral part of the integrated framework to store historical blood donation data in a centralized database for analytical processing. The proposed system would enable people to register as a donor to make themselves available whenever in need of their blood type. We have introduced a search tab to search available people ready to donate. In our proposed system in the donor registration, health-related details would be updated in the blood management system database for all to see.",
    "lang": "eng",
    "features": {},
    "label": "Body"
  },
  {
    "doc_id": "Research Paper 1.pdf",
    "page_num": 1,
    "block_id": "p1_b15",
    "text": "Index Terms -Blood Donation, transfusion, centralized system, conventional methods, automated system, analytical processing",
    "lang": "eng",
    "features": {},
    "label": "Body"
  },
  {
    "doc_id": "Research Paper 1.pdf",
    "page_num": 1,
    "block_id": "p1_b17",
    "text": "I. INTRODUCTION",
    "lang": "eng",
    "features": {},
    "label": "H1"
  },
  {
    "doc_id": "Research Paper 1.pdf",
    "page_num": 2,
    "block_id": "p2_b19",
    "text": "II. LITERATURE REVIEW",
    "lang": "eng",
    "features": {},
    "label": "H1"
  },
  {
    "doc_id": "Research Paper 1.pdf",
    "page_num": 2,
    "block_id": "p2_b24",
    "text": "2.1 Existing system:",
    "lang": "eng",
    "features": {},
    "label": "H2"
  },
  {
    "doc_id": "Research Paper 1.pdf",
    "page_num": 3,
    "block_id": "p3_b7",
    "text": "2.2 Limitations of Previous Systems:",
    "lang": "eng",
    "features": {},
    "label": "H2"
  },
  {
    "doc_id": "Research Paper 1.pdf",
    "page_num": 3,
    "block_id": "p3_b11",
    "text": "2.3 Proposed System and Advantages:",
    "lang": "eng",
    "features": {},
    "label": "H2"
  },
  {
    "doc_id": "Research Paper 1.pdf",
    "page_num": 3,
    "block_id": "p3_b19",
    "text": "2.4 Challenges/Issues faced in BMS:",
    "lang": "eng",
    "features": {},
    "label": "H2"
  },
  {
    "doc_id": "Research Paper 1.pdf",
    "page_num": 3,
    "block_id": "p3_b21",
    "text": "2.4.1 Tackling fake donors: During the registration phase, we make sure they upload all the supporting health and proof documents. The desired donor can proceed to the registration phase only if they pass the factors required to donate blood.",
    "lang": "eng",
    "features": {},
    "label": "H3"
  },
  {
    "doc_id": "Research Paper 1.pdf",
    "page_num": 3,
    "block_id": "p3_b23",
    "text": "2.4.2 Tackling fake requests: In order to prevent the issue of fake callers demanding blood, a password facility is provided. The donors can also check the profile of the person who requested blood.",
    "lang": "eng",
    "features": {},
    "label": "H3"
  },
  {
    "doc_id": "Research Paper 1.pdf",
    "page_num": 3,
    "block_id": "p3_b25",
    "text": "2.4.3 Updating database: It is mandatory for the registered donors to update their information every 35 days to show that they still free from diseases and are clean to donate blood.",
    "lang": "eng",
    "features": {},
    "label": "H3"
  },
  {
    "doc_id": "Research Paper 1.pdf",
    "page_num": 3,
    "block_id": "p3_b27",
    "text": "2.5 Stakeholders:",
    "lang": "eng",
    "features": {},
    "label": "H2"
  },
  {
    "doc_id": "Research Paper 1.pdf",
    "page_num": 3,
    "block_id": "p3_b31",
    "text": "2.5.1 Admin: Admin manages donors, system Users, and the smooth functioning of the website. The admin can add or remove any user from the system anytime whenever required and also carry out other necessary actions required.",
    "lang": "eng",
    "features": {},
    "label": "H3"
  },
  {
    "doc_id": "Research Paper 1.pdf",
    "page_num": 3,
    "block_id": "p3_b33",
    "text": "2.5.2 User: In this module, the user can create an account if he/she desires to donate blood. To uniquely identify the user, they are given a username and password. The user needs to authenticate himself by providing unique identification proofs. Donors can get the information from the news regarding blood donation camps from the news dropdown. The user will be notified whenever there is an emergency.",
    "lang": "eng",
    "features": {},
    "label": "H3"
  },
  {
    "doc_id": "Research Paper 1.pdf",
    "page_num": 4,
    "block_id": "p4_b15",
    "text": "III. MODULES",
    "lang": "eng",
    "features": {},
    "label": "H1"
  },
  {
    "doc_id": "Research Paper 1.pdf",
    "page_num": 4,
    "block_id": "p4_b17",
    "text": "3.1 Blood Type",
    "lang": "eng",
    "features": {},
    "label": "H2"
  },
  {
    "doc_id": "Research Paper 1.pdf",
    "page_num": 4,
    "block_id": "p4_b20",
    "text": "3.2 Area Wise Search We have also integrated a search bar for people looking for blood nearby. This we have done considering the fact that a lot of",
    "lang": "eng",
    "features": {},
    "label": "H2"
  },
  {
    "doc_id": "Research Paper 1.pdf",
    "page_num": 4,
    "block_id": "p4_b28",
    "text": "3.3 Donor Registration Form Donors can be divided into returning donors, who donate on an almost regular basis, and walk-in donors, who are entering the",
    "lang": "eng",
    "features": {},
    "label": "H2"
  },
  {
    "doc_id": "Research Paper 1.pdf",
    "page_num": 5,
    "block_id": "p5_b10",
    "text": "3.4 COVID NEWS API Here the server has the duty to fetch the COVID API through the request library and later it gets converted to JavaScript object",
    "lang": "eng",
    "features": {},
    "label": "H2"
  },
  {
    "doc_id": "Research Paper 1.pdf",
    "page_num": 5,
    "block_id": "p5_b17",
    "text": "IV. BASIC FRAMEWORK",
    "lang": "eng",
    "features": {},
    "label": "H1"
  },
  {
    "doc_id": "Research Paper 1.pdf",
    "page_num": 5,
    "block_id": "p5_b22",
    "text": "4.1 Django Framework Apps:",
    "lang": "eng",
    "features": {},
    "label": "H2"
  },
  {
    "doc_id": "Research Paper 1.pdf",
    "page_num": 6,
    "block_id": "p6_b10",
    "text": "4.2 Web Interface",
    "lang": "eng",
    "features": {},
    "label": "H2"
  },
  {
    "doc_id": "Research Paper 1.pdf",
    "page_num": 6,
    "block_id": "p6_b15",
    "text": "4.2.1 Blood Inventory management deals with the supply and demand of different blood units as well as blood components in an integrated manner. This type of website is already proposed and implemented in some selected places. It also keeps track of expiry date and proper maintenance and component separation of blood and can be used by blood banks as well as associated hospitals.",
    "lang": "eng",
    "features": {},
    "label": "H3"
  },
  {
    "doc_id": "Research Paper 1.pdf",
    "page_num": 6,
    "block_id": "p6_b17",
    "text": "4.2.2 Blood donor management is similar to user registration and their profile maintenance on any social site. Common users can register themselves for donating blood voluntarily by visiting the web module and registering themselves on the portal. There will be UID-based basic profile details (such as name, address, age sex, blood group, etcetera) and the records will be kept in the Administration Portal.",
    "lang": "eng",
    "features": {},
    "label": "H3"
  },
  {
    "doc_id": "Research Paper 1.pdf",
    "page_num": 6,
    "block_id": "p6_b19",
    "text": "4.2.3 Administration Portal is like a key bridge that can have all kinds of access/permissions to the database through the Django server as shown in Figure 4.3. In this, we will have the Authentication and Authorization column where user modes are divided based on their properties.",
    "lang": "eng",
    "features": {},
    "label": "H3"
  },
  {
    "doc_id": "Research Paper 1.pdf",
    "page_num": 7,
    "block_id": "p7_b9",
    "text": "V. O HER U SES /S COPE OF W EBSITE",
    "lang": "eng",
    "features": {},
    "label": "H1"
  },
  {
    "doc_id": "Research Paper 1.pdf",
    "page_num": 7,
    "block_id": "p7_b15",
    "text": "VI. CONCLUSION",
    "lang": "eng",
    "features": {},
    "label": "H1"
  },
  {
    "doc_id": "Research Paper 1.pdf",
    "page_num": 7,
    "block_id": "p7_b19",
    "text": "R EFERENCES",
    "lang": "eng",
    "features": {},
    "label": "H1"
  }
]